{
  "Ansi 5 Color" : {
    "Red Component" : 0.29803922772407532,
    "Color Space" : "sRGB",
    "Blue Component" : 0.47058823704719543,
    "Alpha Component" : 1,
    "Green Component" : 0.30588236451148987
  },
  "Tags" : [

  ],
  "Ansi 12 Color" : {
    "Red Component" : 0.59607845544815063,
    "Color Space" : "sRGB",
    "Blue Component" : 0.80392158031463623,
    "Alpha Component" : 1,
    "Green Component" : 0.70196080207824707
  },
  "Use Non-ASCII Font" : false,
  "Right Option Key Sends" : 0,
  "Bold Color" : {
    "Red Component" : 0.43137255311012268,
    "Color Space" : "sRGB",
    "Blue Component" : 0.72549021244049072,
    "Alpha Component" : 1,
    "Green Component" : 0.58039218187332153
  },
  "Normal Font" : "OperatorMono-Medium 14",
  "Ansi 6 Color" : {
    "Red Component" : 0.54117649793624878,
    "Color Space" : "sRGB",
    "Blue Component" : 0.75686275959014893,
    "Alpha Component" : 1,
    "Green Component" : 0.7137255072593689
  },
  "Ansi 2 Color" : {
    "Red Component" : 0.58823531866073608,
    "Color Space" : "sRGB",
    "Blue Component" : 0.57254904508590698,
    "Alpha Component" : 1,
    "Green Component" : 0.61960786581039429
  },
  "Rows" : 25,
  "Default Bookmark" : "No",
  "Ansi 4 Color" : {
    "Red Component" : 0.43137255311012268,
    "Color Space" : "sRGB",
    "Blue Component" : 0.72549021244049072,
    "Alpha Component" : 1,
    "Green Component" : 0.58039218187332153
  },
  "Blend" : 0.33776749320652177,
  "Cursor Guide Color" : {
    "Red Component" : 0.58823531866073608,
    "Color Space" : "sRGB",
    "Blue Component" : 0.57254904508590698,
    "Alpha Component" : 0.25,
    "Green Component" : 0.61960786581039429
  },
  "Non-ASCII Anti Aliased" : true,
  "Use Bright Bold" : true,
  "Ansi 10 Color" : {
    "Red Component" : 0.90196079015731812,
    "Color Space" : "sRGB",
    "Blue Component" : 0.76862746477127075,
    "Alpha Component" : 1,
    "Green Component" : 0.86274510622024536
  },
  "Ambiguous Double Width" : false,
  "Jobs to Ignore" : [
    "rlogin",
    "ssh",
    "slogin",
    "telnet"
  ],
  "Ansi 15 Color" : {
    "Red Component" : 0.90980392694473267,
    "Color Space" : "sRGB",
    "Blue Component" : 0.91764706373214722,
    "Alpha Component" : 1,
    "Green Component" : 0.90980392694473267
  },
  "Foreground Color" : {
    "Red Component" : 0.63529413938522339,
    "Color Space" : "sRGB",
    "Blue Component" : 0.66666668653488159,
    "Alpha Component" : 1,
    "Green Component" : 0.63921570777893066
  },
  "Working Directory" : "\/Users\/mwasher",
  "Blinking Cursor" : false,
  "Disable Window Resizing" : true,
  "Sync Title" : false,
  "Prompt Before Closing 2" : false,
  "BM Growl" : true,
  "Command" : "",
  "Description" : "Default",
  "Space" : 0,
  "Mouse Reporting" : true,
  "Screen" : -1,
  "Selection Color" : {
    "Red Component" : 0.364705890417099,
    "Color Space" : "sRGB",
    "Blue Component" : 0.41960784792900085,
    "Alpha Component" : 1,
    "Green Component" : 0.364705890417099
  },
  "Columns" : 80,
  "Idle Code" : 0,
  "Ansi 13 Color" : {
    "Red Component" : 0.50980395078659058,
    "Color Space" : "sRGB",
    "Blue Component" : 0.63137257099151611,
    "Alpha Component" : 1,
    "Green Component" : 0.51372551918029785
  },
  "Custom Command" : "No",
  "ASCII Anti Aliased" : true,
  "Non Ascii Font" : "Monaco 12",
  "Vertical Spacing" : 1,
  "Use Bold Font" : true,
  "Option Key Sends" : 0,
  "Selected Text Color" : {
    "Red Component" : 0.87274330854415894,
    "Color Space" : "sRGB",
    "Blue Component" : 0.93430596590042114,
    "Alpha Component" : 1,
    "Green Component" : 0.89671963453292847
  },
  "Background Color" : {
    "Red Component" : 0.14071063511073589,
    "Color Space" : "sRGB",
    "Blue Component" : 0.21051025390625,
    "Alpha Component" : 1,
    "Green Component" : 0.14420061334709822
  },
  "Character Encoding" : 4,
  "Ansi 11 Color" : {
    "Red Component" : 0.90196079015731812,
    "Color Space" : "sRGB",
    "Blue Component" : 0.76862746477127075,
    "Alpha Component" : 1,
    "Green Component" : 0.86274510622024536
  },
  "Use Italic Font" : true,
  "Unlimited Scrollback" : false,
  "Keyboard Map" : {
    "0xf700-0x260000" : {
      "Action" : 10,
      "Text" : "[1;6A"
    },
    "0x37-0x40000" : {
      "Action" : 11,
      "Text" : "0x1f"
    },
    "0x32-0x40000" : {
      "Action" : 11,
      "Text" : "0x00"
    },
    "0xf709-0x20000" : {
      "Action" : 10,
      "Text" : "[17;2~"
    },
    "0xf70c-0x20000" : {
      "Action" : 10,
      "Text" : "[20;2~"
    },
    "0xf729-0x20000" : {
      "Action" : 10,
      "Text" : "[1;2H"
    },
    "0xf72b-0x40000" : {
      "Action" : 10,
      "Text" : "[1;5F"
    },
    "0xf705-0x20000" : {
      "Action" : 10,
      "Text" : "[1;2Q"
    },
    "0xf703-0x260000" : {
      "Action" : 10,
      "Text" : "[1;6C"
    },
    "0xf700-0x220000" : {
      "Action" : 10,
      "Text" : "[1;2A"
    },
    "0xf701-0x280000" : {
      "Action" : 11,
      "Text" : "0x1b 0x1b 0x5b 0x42"
    },
    "0x38-0x40000" : {
      "Action" : 11,
      "Text" : "0x7f"
    },
    "0x33-0x40000" : {
      "Action" : 11,
      "Text" : "0x1b"
    },
    "0xf703-0x220000" : {
      "Action" : 10,
      "Text" : "[1;2C"
    },
    "0xf701-0x240000" : {
      "Action" : 10,
      "Text" : "[1;5B"
    },
    "0xf70d-0x20000" : {
      "Action" : 10,
      "Text" : "[21;2~"
    },
    "0xf702-0x260000" : {
      "Action" : 10,
      "Text" : "[1;6D"
    },
    "0xf729-0x40000" : {
      "Action" : 10,
      "Text" : "[1;5H"
    },
    "0xf706-0x20000" : {
      "Action" : 10,
      "Text" : "[1;2R"
    },
    "0x34-0x40000" : {
      "Action" : 11,
      "Text" : "0x1c"
    },
    "0xf700-0x280000" : {
      "Action" : 11,
      "Text" : "0x1b 0x1b 0x5b 0x41"
    },
    "0x2d-0x40000" : {
      "Action" : 11,
      "Text" : "0x1f"
    },
    "0xf70e-0x20000" : {
      "Action" : 10,
      "Text" : "[23;2~"
    },
    "0xf702-0x220000" : {
      "Action" : 10,
      "Text" : "[1;2D"
    },
    "0xf703-0x280000" : {
      "Action" : 11,
      "Text" : "0x1b 0x1b 0x5b 0x43"
    },
    "0xf700-0x240000" : {
      "Action" : 10,
      "Text" : "[1;5A"
    },
    "0xf707-0x20000" : {
      "Action" : 10,
      "Text" : "[1;2S"
    },
    "0xf70a-0x20000" : {
      "Action" : 10,
      "Text" : "[18;2~"
    },
    "0x35-0x40000" : {
      "Action" : 11,
      "Text" : "0x1d"
    },
    "0xf70f-0x20000" : {
      "Action" : 10,
      "Text" : "[24;2~"
    },
    "0xf703-0x240000" : {
      "Action" : 10,
      "Text" : "[1;5C"
    },
    "0xf701-0x260000" : {
      "Action" : 10,
      "Text" : "[1;6B"
    },
    "0xf702-0x280000" : {
      "Action" : 11,
      "Text" : "0x1b 0x1b 0x5b 0x44"
    },
    "0xf72b-0x20000" : {
      "Action" : 10,
      "Text" : "[1;2F"
    },
    "0x36-0x40000" : {
      "Action" : 11,
      "Text" : "0x1e"
    },
    "0xf708-0x20000" : {
      "Action" : 10,
      "Text" : "[15;2~"
    },
    "0xf701-0x220000" : {
      "Action" : 10,
      "Text" : "[1;2B"
    },
    "0xf70b-0x20000" : {
      "Action" : 10,
      "Text" : "[19;2~"
    },
    "0xf702-0x240000" : {
      "Action" : 10,
      "Text" : "[1;5D"
    },
    "0xf704-0x20000" : {
      "Action" : 10,
      "Text" : "[1;2P"
    }
  },
  "Window Type" : 0,
  "Cursor Type" : 2,
  "Background Image Location" : "",
  "Blur" : false,
  "Badge Color" : {
    "Red Component" : 0.7764706015586853,
    "Color Space" : "sRGB",
    "Blue Component" : 0.49411764740943909,
    "Alpha Component" : 1,
    "Green Component" : 0.47450980544090271
  },
  "Scrollback Lines" : 1000,
  "Send Code When Idle" : false,
  "Close Sessions On End" : true,
  "Terminal Type" : "xterm-256color",
  "Visual Bell" : true,
  "Flashing Bell" : false,
  "Silence Bell" : false,
  "Ansi 14 Color" : {
    "Red Component" : 0.67058825492858887,
    "Color Space" : "sRGB",
    "Blue Component" : 0.82745099067687988,
    "Alpha Component" : 1,